{"nm":"instagram","ddd":0,"h":512,"w":512,"meta":{"g":"@lottiefiles/toolkit-js 0.33.2"},"layers":[{"ty":4,"nm":"Shape Layer 3","sr":1,"st":0,"op":97,"ip":59,"hd":false,"ddd":0,"bm":0,"hasMask":true,"ao":0,"ks":{"a":{"a":0,"k":[0,0,0],"ix":1},"s":{"a":0,"k":[100,100,100],"ix":6},"sk":{"a":0,"k":0},"p":{"a":0,"k":[256,256,0],"ix":2},"r":{"a":0,"k":0,"ix":10},"sa":{"a":0,"k":0},"o":{"a":0,"k":100,"ix":11}},"ef":[],"masksProperties":[{"nm":"Mask 1","inv":false,"mode":"a","x":{"a":0,"k":0,"ix":4},"o":{"a":0,"k":100,"ix":3},"pt":{"a":0,"k":{"c":true,"i":[[-28.167,0],[0,-28.167],[28.167,0],[0,28.167]],"o":[[28.167,0],[0,28.167],[-28.167,0],[0,-28.167]],"v":[[118.5,-168.5],[169.5,-117.5],[118.5,-66.5],[67.5,-117.5]]},"ix":1}},{"nm":"Mask 2","inv":false,"mode":"s","x":{"a":0,"k":0,"ix":4},"o":{"a":0,"k":100,"ix":3},"pt":{"a":1,"k":[{"o":{"x":0.333,"y":0},"i":{"x":0,"y":1},"s":[{"c":true,"i":[[-1.105,0],[0,-1.105],[1.105,0],[0,1.105]],"o":[[1.105,0],[0,1.105],[-1.105,0],[0,-1.105]],"v":[[118.5,-119.5],[120.5,-117.5],[118.5,-115.5],[116.5,-117.5]]}],"t":70},{"s":[{"c":true,"i":[[-28.443,0],[0,-28.443],[28.443,0],[0,28.443]],"o":[[28.443,0],[0,28.443],[-28.443,0],[0,-28.443]],"v":[[118.5,-169],[170,-117.5],[118.5,-66],[67,-117.5]]}],"t":90}],"ix":1}}],"shapes":[{"ty":"gr","bm":0,"hd":false,"mn":"ADBE Vector Group","nm":"Ellipse 1","ix":1,"cix":2,"np":3,"it":[{"ty":"sh","bm":0,"hd":false,"mn":"ADBE Vector Shape - Group","nm":"Path 1","ix":1,"d":1,"ks":{"a":1,"k":[{"o":{"x":0.333,"y":0},"i":{"x":0,"y":1},"s":[{"c":true,"i":[[-0.612,0],[0,-0.612],[0.612,0],[0,0.612]],"o":[[0.612,0],[0,0.612],[-0.612,0],[0,-0.612]],"v":[[0.361,-0.747],[1.468,0.361],[0.361,1.468],[-0.747,0.361]]}],"t":60},{"s":[{"c":true,"i":[[-22.091,0],[0,-22.091],[22.091,0],[0,22.091]],"o":[[22.091,0],[0,22.091],[-22.091,0],[0,-22.091]],"v":[[0,-40],[40,0],[0,40],[-40,0]]}],"t":80}],"ix":2}},{"ty":"fl","bm":0,"hd":false,"mn":"ADBE Vector Graphic - Fill","nm":"Fill 1","c":{"a":0,"k":[1,0.502,0.502],"ix":4},"r":1,"o":{"a":0,"k":100,"ix":5}},{"ty":"tr","a":{"a":0,"k":[0,0],"ix":1},"s":{"a":0,"k":[121.331,121.331],"ix":3},"sk":{"a":0,"k":0,"ix":4},"p":{"a":0,"k":[118,-118],"ix":2},"r":{"a":0,"k":0,"ix":6},"sa":{"a":0,"k":0,"ix":5},"o":{"a":0,"k":100,"ix":7}}]}],"ind":1},{"ty":4,"nm":"Ellipse 1142","sr":1,"st":0,"op":97,"ip":59,"hd":false,"ddd":0,"bm":0,"hasMask":false,"ao":0,"ks":{"a":{"a":0,"k":[0,0,0],"ix":1},"s":{"a":1,"k":[{"o":{"x":0.333,"y":0},"i":{"x":0,"y":1},"s":[0,0,100],"t":60},{"s":[100,100,100],"t":70}],"ix":6},"sk":{"a":0,"k":0},"p":{"a":0,"k":[373.697,137.944,0],"ix":2},"r":{"a":0,"k":0,"ix":10},"sa":{"a":0,"k":0},"o":{"a":0,"k":100,"ix":11}},"ef":[],"shapes":[{"ty":"gr","bm":0,"hd":false,"mn":"ADBE Vector Group","nm":"Ellipse 1142","ix":1,"cix":2,"np":2,"it":[{"ty":"el","bm":0,"hd":false,"mn":"ADBE Vector Shape - Ellipse","nm":"Ellipse Path 1","d":1,"p":{"a":0,"k":[0,0],"ix":3},"s":{"a":0,"k":[52.959,52.959],"ix":2}},{"ty":"fl","bm":0,"hd":false,"mn":"ADBE Vector Graphic - Fill","nm":"Fill 1","c":{"a":0,"k":[1,0.502,0.502],"ix":4},"r":1,"o":{"a":0,"k":100,"ix":5}},{"ty":"tr","a":{"a":0,"k":[0,0],"ix":1},"s":{"a":0,"k":[100,100],"ix":3},"sk":{"a":0,"k":0,"ix":4},"p":{"a":0,"k":[0,0],"ix":2},"r":{"a":0,"k":0,"ix":6},"sa":{"a":0,"k":0,"ix":5},"o":{"a":0,"k":100,"ix":7}}]}],"ind":2},{"ty":4,"nm":"Shape Layer 2","sr":1,"st":0,"op":97,"ip":0,"hd":false,"ddd":0,"bm":0,"hasMask":false,"td":1,"ao":0,"ks":{"a":{"a":0,"k":[0,0,0],"ix":1},"s":{"a":0,"k":[100,100,100],"ix":6},"sk":{"a":0,"k":0},"p":{"a":0,"k":[256,256,0],"ix":2},"r":{"a":1,"k":[{"o":{"x":0.844,"y":0},"i":{"x":0.024,"y":1},"s":[0],"t":20},{"s":[180],"t":60}],"ix":10},"sa":{"a":0,"k":0},"o":{"a":0,"k":100,"ix":11}},"ef":[],"shapes":[{"ty":"gr","bm":0,"hd":false,"mn":"ADBE Vector Group","nm":"Ellipse 1","ix":1,"cix":2,"np":3,"it":[{"ty":"el","bm":0,"hd":false,"mn":"ADBE Vector Shape - Ellipse","nm":"Ellipse Path 1","d":1,"p":{"a":0,"k":[0,0],"ix":3},"s":{"a":0,"k":[167,167],"ix":2}},{"ty":"st","bm":0,"hd":false,"mn":"ADBE Vector Graphic - Stroke","nm":"Stroke 1","lc":2,"lj":2,"ml":1,"o":{"a":0,"k":100,"ix":4},"w":{"a":0,"k":36,"ix":5},"c":{"a":0,"k":[1,0.502,0.502],"ix":3}},{"ty":"tr","a":{"a":0,"k":[0,0],"ix":1},"s":{"a":0,"k":[112.45,112.45],"ix":3},"sk":{"a":0,"k":0,"ix":4},"p":{"a":0,"k":[-0.5,-0.5],"ix":2},"r":{"a":0,"k":0,"ix":6},"sa":{"a":0,"k":0,"ix":5},"o":{"a":0,"k":100,"ix":7}}]},{"ty":"tm","bm":0,"hd":false,"mn":"ADBE Vector Filter - Trim","nm":"Trim Paths 1","ix":2,"e":{"a":1,"k":[{"o":{"x":0.609,"y":0},"i":{"x":0.203,"y":1},"s":[0],"t":20},{"s":[100],"t":60}],"ix":2},"o":{"a":0,"k":0,"ix":3},"s":{"a":0,"k":0,"ix":1},"m":1}],"ind":3},{"ty":4,"nm":"center","sr":1,"st":0,"op":97,"ip":0,"hd":false,"ddd":0,"bm":0,"tt":1,"hasMask":false,"ao":0,"ks":{"a":{"a":0,"k":[113.315,113.315,0],"ix":1},"s":{"a":0,"k":[100,100,100],"ix":6},"sk":{"a":0,"k":0},"p":{"a":0,"k":[255.892,255.73,0],"ix":2},"r":{"a":0,"k":0,"ix":10},"sa":{"a":0,"k":0},"o":{"a":0,"k":100,"ix":11}},"ef":[],"shapes":[{"ty":"gr","bm":0,"hd":false,"mn":"ADBE Vector Group","nm":"Path 4628","ix":1,"cix":2,"np":3,"it":[{"ty":"sh","bm":0,"hd":false,"mn":"ADBE Vector Shape - Group","nm":"Path 1","ix":1,"d":1,"ks":{"a":0,"k":{"c":true,"i":[[0,0],[0,-62.564],[-62.564,0],[0,62.565],[62.565,0]],"o":[[-62.619,0],[0,62.62],[62.62,0],[0,-62.619],[0,0]],"v":[[113.314,0],[0,113.314],[113.314,226.629],[226.629,113.314],[113.314,0]]},"ix":2}},{"ty":"sh","bm":0,"hd":false,"mn":"ADBE Vector Shape - Group","nm":"Path 2","ix":2,"d":1,"ks":{"a":0,"k":{"c":true,"i":[[40.649,0],[0,40.63],[-40.63,0],[0,-40.63]],"o":[[-40.648,0],[0,-40.63],[40.63,0],[0.018,40.63]],"v":[[113.314,186.864],[39.765,113.314],[113.314,39.765],[186.865,113.314]]},"ix":2}},{"ty":"fl","bm":0,"hd":false,"mn":"ADBE Vector Graphic - Fill","nm":"Fill 1","c":{"a":0,"k":[1,0.502,0.502],"ix":4},"r":1,"o":{"a":0,"k":100,"ix":5}},{"ty":"tr","a":{"a":0,"k":[0,0],"ix":1},"s":{"a":0,"k":[100,100],"ix":3},"sk":{"a":0,"k":0,"ix":4},"p":{"a":0,"k":[0,0],"ix":2},"r":{"a":0,"k":0,"ix":6},"sa":{"a":0,"k":0,"ix":5},"o":{"a":0,"k":100,"ix":7}}]}],"ind":4},{"ty":4,"nm":"background path","sr":1,"st":0,"op":97,"ip":0,"hd":false,"ddd":0,"bm":0,"hasMask":false,"td":1,"ao":0,"ks":{"a":{"a":0,"k":[6,10,0],"ix":1},"s":{"a":0,"k":[100,100,100],"ix":6},"sk":{"a":0,"k":0},"p":{"a":0,"k":[223,223,0],"ix":2},"r":{"a":0,"k":0,"ix":10},"sa":{"a":0,"k":0},"o":{"a":0,"k":100,"ix":11}},"ef":[],"shapes":[{"ty":"sh","bm":0,"hd":false,"mn":"ADBE Vector Shape - Group","nm":"Path 1","ix":1,"d":1,"ks":{"a":0,"k":{"c":true,"i":[[0,0],[0,0],[0,0],[0,0],[0,0]],"o":[[0,0],[0,0],[0,0],[0,0],[0,0]],"v":[[3.998,-194],[205.995,-194],[205.995,211],[-198,211],[-198,-194]]},"ix":2}},{"ty":"st","bm":0,"hd":false,"mn":"ADBE Vector Graphic - Stroke","nm":"Stroke 1","lc":2,"lj":2,"ml":1,"o":{"a":0,"k":100,"ix":4},"w":{"a":0,"k":90,"ix":5},"c":{"a":0,"k":[1,0.502,0.502],"ix":3}},{"ty":"tm","bm":0,"hd":false,"mn":"ADBE Vector Filter - Trim","nm":"Trim Paths 1","ix":3,"e":{"a":1,"k":[{"o":{"x":0.333,"y":0},"i":{"x":0,"y":1},"s":[0],"t":0},{"s":[100],"t":30}],"ix":2},"o":{"a":0,"k":0,"ix":3},"s":{"a":0,"k":0,"ix":1},"m":1},{"ty":"rd","bm":0,"hd":false,"mn":"ADBE Vector Filter - RC","nm":"Round Corners 1","ix":4,"r":{"a":0,"k":123,"ix":1}}],"ind":5,"parent":6},{"ty":4,"nm":"background","sr":1,"st":0,"op":97,"ip":0,"hd":false,"ddd":0,"bm":0,"tt":1,"hasMask":false,"ao":0,"ks":{"a":{"a":0,"k":[0,441.637,0],"ix":1},"s":{"a":1,"k":[{"o":{"x":0.333,"y":0},"i":{"x":0.667,"y":1},"s":[100,100,100],"t":0},{"o":{"x":0.333,"y":0},"i":{"x":0.667,"y":1},"s":[105,85,100],"t":10},{"o":{"x":0.333,"y":0},"i":{"x":0.667,"y":1},"s":[85,105,100],"t":20},{"s":[100,100,100],"t":30}],"ix":6},"sk":{"a":0,"k":0},"p":{"a":0,"k":[35,476.637,0],"ix":2},"r":{"a":1,"k":[{"o":{"x":0.333,"y":0},"i":{"x":0.667,"y":1},"s":[0],"t":0},{"o":{"x":0.333,"y":0},"i":{"x":0.667,"y":1},"s":[-6],"t":10},{"o":{"x":0.333,"y":0},"i":{"x":0.667,"y":1},"s":[6],"t":20},{"s":[0],"t":30}],"ix":10},"sa":{"a":0,"k":0},"o":{"a":0,"k":100,"ix":11}},"ef":[],"shapes":[{"ty":"gr","bm":0,"hd":false,"mn":"ADBE Vector Group","nm":"Path 4629","ix":1,"cix":2,"np":3,"it":[{"ty":"sh","bm":0,"hd":false,"mn":"ADBE Vector Shape - Group","nm":"Path 1","ix":1,"d":1,"ks":{"a":0,"k":{"c":true,"i":[[0,0],[40.666,-1.804],[25.412,-25.412],[0,-83.928],[-41.826,-41.826],[-82.934,0],[-30.086,11.648],[-3.018,65.674],[1.803,40.667],[83.119,3.827]],"o":[[-40.63,-1.895],[-35.736,1.674],[-42.47,42.47],[0,85.897],[42.635,42.617],[85.088,0],[40.906,-15.881],[1.913,-40.648],[-3.643,-77.524],[0,0]],"v":[[311.868,1.387],[129.936,1.387],[37.267,37.104],[0.225,220.729],[37.267,404.356],[220.892,441.397],[365.434,429.805],[440.235,311.687],[440.235,129.754],[311.868,1.387]]},"ix":2}},{"ty":"sh","bm":0,"hd":false,"mn":"ADBE Vector Shape - Group","nm":"Path 2","ix":2,"d":1,"ks":{"a":0,"k":{"c":true,"i":[[0,0],[89.356,0],[26.921,26.995],[0,75.132],[-102.035,5.226],[-59.013,0],[0,0],[-4.619,-102.016],[0,-58.92],[27.363,-27.491]],"o":[[-27.841,27.841],[-92.006,0],[-31.006,-30.859],[0,-101.667],[23.443,-0.828],[0,0],[98.06,0],[1.049,23.278],[-0.018,90.939],[0,0]],"v":[[376.18,376.257],[220.359,401.614],[64.537,375.981],[39.144,220.435],[130.745,40.324],[220.101,39.22],[220.929,39.772],[400.544,131.52],[401.832,220.711],[376.18,376.257]]},"ix":2}},{"ty":"fl","bm":0,"hd":false,"mn":"ADBE Vector Graphic - Fill","nm":"Fill 1","c":{"a":0,"k":[1,0.502,0.502],"ix":4},"r":1,"o":{"a":0,"k":100,"ix":5}},{"ty":"tr","a":{"a":0,"k":[0,0],"ix":1},"s":{"a":0,"k":[100,100],"ix":3},"sk":{"a":0,"k":0,"ix":4},"p":{"a":0,"k":[0,0],"ix":2},"r":{"a":0,"k":0,"ix":6},"sa":{"a":0,"k":0,"ix":5},"o":{"a":0,"k":100,"ix":7}}]}],"ind":6}],"v":"5.7.4","fr":60,"op":95,"ip":0,"assets":[]}